Id,Area,Circumference,Roundness
1,120.0,47.31370830535889,0.6736233517085557
2,946.0,129.2548327445984,0.7115532725304574
3,654.5,107.35533833503723,0.7136285639965453
4,1779.5,184.40916061401367,0.6575713368153724
