Area,Circumference,Roundness
2731.703317901235,272.05932111789787,0.46378444023211957
