面积(um²),周长(um),圆度
17910.298923490962,646.8702897137287,0.5378711974360948
