面积(um²),周长(um),圆度
376394.3946471405,2965.42784497979,0.5378711974360948
