Area,Circumference,Roundness
1192568.0,5278.461564064026,0.5378711974360948
