面积(um²),周长(um),圆度
84167.13974192618,1520.8283944165005,0.45729031978234813
