面积(um²),周长(um),圆度
5751.1959876543215,366.5598308377796,0.5378711974360948
