Area,Circumference,Roundness
2265784.0,7835.3084481954575,0.46378444023211957
